{ "tableData" : [
    {
        "txnId": "ac11",
        "txnStatus": "Approved",
        "txnType": "Sale",
        "createdDate": "23/05/2018",
        "customerName": "Tharun",
        "email": "tharundillikar@gmail.com",
        "description": "account Activated",
        "amount": "1000"
    },
    {
        "txnId": "ac11",
        "txnStatus": "Approved",
        "txnType": "Sale",
        "createdDate": "23/05/2018",
        "customerName": "Sam",
        "email": "sam@gmail.com",
        "description": "account Activated",
        "amount": "500"
    },
    {
        "txnId": "ac11",
        "txnStatus": "rejected",
        "txnType": "Sale",
        "createdDate": "23/05/2018",
        "customerName": "Arun",
        "email": "arun@gmail.com",
        "description": "account Activated",
        "amount": "600"
    },
    {
        "txnId": "ac11",
        "txnStatus": "pending",
        "txnType": "Sale",
        "createdDate": "23/05/2018",
        "customerName": "Rakesh",
        "email": "rakesh@gmail.com",
        "description": "account Activated",
        "amount": "1050"
    },
    {
        "txnId": "ac11",
        "txnStatus": "Approved",
        "txnType": "Sale",
        "createdDate": "23/05/2018",
        "customerName": "Bindu",
        "email": "bindu@gmail.com",
        "description": "account Activated",
        "amount": "1400"
    }
]
}